use mspr;
-- Insertion de données dans la table `role`
INSERT INTO `role` (`CODE_ROLE`, `LIBELLE_ROLE`)
VALUES ('R001', 'Admin'),
       ('R002', 'Utilisateur');

-- Insertion de données dans la table `utilisateur`
INSERT INTO `utilisateur` (`LOGIN`, `PSW`, `CODE_ROLE`)
VALUES ('admin', 'password123', 'R001'),
       ('user1', 'pass456', 'R002'),
       ('user2', 'pass789', 'R002');

UPDATE utilisateur SET PSW = MD5('password123') WHERE LOGIN = 'admin';

insert into client (CODE_CLIENT, NOM, PRENOM, ADRESSE, CODE_POSTAL, VILLE) values ('0409-1626', 'Maypother', 'Liam', '19 Forest Run Crossing', 'DABS', 'Jhumra');
insert into client (CODE_CLIENT, NOM, PRENOM, ADRESSE, CODE_POSTAL, VILLE) values ('51079-941', 'Strutton', 'Claudine', '0 Melody Alley', 'SAVN', 'Bomomani');
insert into client (CODE_CLIENT, NOM, PRENOM, ADRESSE, CODE_POSTAL, VILLE) values ('0268-1402', 'Broz', 'Duncan', '83 John Wall Place', 'WBGK', 'Korosten’');
insert into client (CODE_CLIENT, NOM, PRENOM, ADRESSE, CODE_POSTAL, VILLE) values ('0338-1113', 'Proudman', 'Barri', '8 Starling Drive', 'SLSM', 'Évry');
insert into client (CODE_CLIENT, NOM, PRENOM, ADRESSE, CODE_POSTAL, VILLE) values ('50436-0158', 'Hincham', 'Joete', '30 Donald Terrace', 'KJMS', 'Lüfeng');
insert into client (CODE_CLIENT, NOM, PRENOM, ADRESSE, CODE_POSTAL, VILLE) values ('48951-8247', 'Cleeton', 'Derek', '13 Melvin Court', 'KWP', 'San Diego');
insert into client (CODE_CLIENT, NOM, PRENOM, ADRESSE, CODE_POSTAL, VILLE) values ('60289-282', 'Gaywood', 'Philippa', '7745 Florence Parkway', 'KLZU', 'Lianzhou');
insert into client (CODE_CLIENT, NOM, PRENOM, ADRESSE, CODE_POSTAL, VILLE) values ('12027-104', 'Greenalf', 'Vance', '93 Surrey Junction', 'OEDM', 'Angers');
insert into client (CODE_CLIENT, NOM, PRENOM, ADRESSE, CODE_POSTAL, VILLE) values ('46122-274', 'Marran', 'Ronni', '3 Dapin Avenue', 'AYEB', 'Parigi');
insert into client (CODE_CLIENT, NOM, PRENOM, ADRESSE, CODE_POSTAL, VILLE) values ('41190-951', 'Dufore', 'Evangeline', '1 Canary Hill', 'KSTC', 'Lérida');
insert into client (CODE_CLIENT, NOM, PRENOM, ADRESSE, CODE_POSTAL, VILLE) values ('0832-0300', 'Rawlingson', 'Werner', '4679 Schurz Hill', 'LPSJ', 'Narva');
insert into client (CODE_CLIENT, NOM, PRENOM, ADRESSE, CODE_POSTAL, VILLE) values ('49288-0621', 'Elstub', 'Brandais', '7511 Northview Crossing', 'KUCA', 'Tomingad');
insert into client (CODE_CLIENT, NOM, PRENOM, ADRESSE, CODE_POSTAL, VILLE) values ('0944-8402', 'Fain', 'Zahara', '829 Oxford Crossing', 'CYXL', 'Sławatycze');
insert into client (CODE_CLIENT, NOM, PRENOM, ADRESSE, CODE_POSTAL, VILLE) values ('13107-006', 'Cadding', 'Mackenzie', '86835 Sheridan Court', 'DAUT', 'Novyye Cherëmushki');
insert into client (CODE_CLIENT, NOM, PRENOM, ADRESSE, CODE_POSTAL, VILLE) values ('55154-3875', 'Cubbino', 'Lura', '73407 Meadow Vale Plaza', 'LFBO', 'Makin Village');
insert into client (CODE_CLIENT, NOM, PRENOM, ADRESSE, CODE_POSTAL, VILLE) values ('31357-040', 'Garnett', 'Ethelda', '20 Arizona Hill', 'NSAS', 'Kungsbacka');
insert into client (CODE_CLIENT, NOM, PRENOM, ADRESSE, CODE_POSTAL, VILLE) values ('37808-056', 'Baterip', 'Munmro', '48339 Manufacturers Plaza', 'PTAI', 'Washington');
insert into client (CODE_CLIENT, NOM, PRENOM, ADRESSE, CODE_POSTAL, VILLE) values ('52125-926', 'Warby', 'Shayne', '71484 Spaight Plaza', 'KSDY', 'Tacheng');
insert into client (CODE_CLIENT, NOM, PRENOM, ADRESSE, CODE_POSTAL, VILLE) values ('37000-617', 'Darwen', 'Sari', '580 Hansons Alley', 'EGXW', 'Tashla');
insert into client (CODE_CLIENT, NOM, PRENOM, ADRESSE, CODE_POSTAL, VILLE) values ('57237-013', 'Coger', 'Guillema', '9780 Fairfield Parkway', 'A63', 'Tangping');
insert into client (CODE_CLIENT, NOM, PRENOM, ADRESSE, CODE_POSTAL, VILLE) values ('68788-9994', 'Hasely', 'Griffy', '9754 Center Drive', 'FMSK', 'Aţ Ţawāḩīn');
insert into client (CODE_CLIENT, NOM, PRENOM, ADRESSE, CODE_POSTAL, VILLE) values ('0536-4122', 'Heavyside', 'Lyssa', '8 Bunker Hill Court', 'UUWR', 'Kebonkai');
insert into client (CODE_CLIENT, NOM, PRENOM, ADRESSE, CODE_POSTAL, VILLE) values ('58232-6036', 'Van Cassel', 'Cristal', '7 Iowa Road', 'FBSK', 'Canis');
insert into client (CODE_CLIENT, NOM, PRENOM, ADRESSE, CODE_POSTAL, VILLE) values ('54569-2376', 'Tenwick', 'Nance', '53 Fremont Court', 'TFFC', 'Lescar');
insert into client (CODE_CLIENT, NOM, PRENOM, ADRESSE, CODE_POSTAL, VILLE) values ('0078-0500', 'Gawkes', 'Rorie', '6 Dakota Alley', 'KNJK', 'Waihibar');
insert into client (CODE_CLIENT, NOM, PRENOM, ADRESSE, CODE_POSTAL, VILLE) values ('49364-110', 'Kisby', 'Jonathan', '39634 West Crossing', 'GAGM', 'Sandaohezi');
insert into client (CODE_CLIENT, NOM, PRENOM, ADRESSE, CODE_POSTAL, VILLE) values ('59572-205', 'Hayth', 'Rudd', '95 Caliangt Terrace', '4R7', 'Cambuí');
insert into client (CODE_CLIENT, NOM, PRENOM, ADRESSE, CODE_POSTAL, VILLE) values ('49288-0905', 'Perring', 'Alexina', '89 Swallow Park', 'CKX', 'Kamenka');
insert into client (CODE_CLIENT, NOM, PRENOM, ADRESSE, CODE_POSTAL, VILLE) values ('29336-322', 'Harvard', 'Corry', '5 Farragut Street', 'ESNH', 'Yushan');
insert into client (CODE_CLIENT, NOM, PRENOM, ADRESSE, CODE_POSTAL, VILLE) values ('41163-423', 'Damato', 'Baily', '8858 Hollow Ridge Park', 'EFHK', 'Boychinovtsi');
insert into client (CODE_CLIENT, NOM, PRENOM, ADRESSE, CODE_POSTAL, VILLE) values ('0406-9907', 'Screach', 'Zandra', '51761 Elgar Center', 'ZMBR', 'Tsagaan-Ovoo');
insert into client (CODE_CLIENT, NOM, PRENOM, ADRESSE, CODE_POSTAL, VILLE) values ('0641-0493', 'Wickardt', 'Michel', '109 Walton Pass', 'CYXL', 'La Calera');
insert into client (CODE_CLIENT, NOM, PRENOM, ADRESSE, CODE_POSTAL, VILLE) values ('54429-0103', 'Keenleyside', 'Mireielle', '71 Superior Parkway', 'KBBD', 'Saint-Avertin');
insert into client (CODE_CLIENT, NOM, PRENOM, ADRESSE, CODE_POSTAL, VILLE) values ('98132-885', 'Notman', 'Laird', '24 Red Cloud Place', 'HSDN', 'Kiev');
insert into client (CODE_CLIENT, NOM, PRENOM, ADRESSE, CODE_POSTAL, VILLE) values ('0641-6118', 'Ingley', 'Reinhard', '7 Northport Hill', 'KPHK', 'Krasnoshchekovo');
insert into client (CODE_CLIENT, NOM, PRENOM, ADRESSE, CODE_POSTAL, VILLE) values ('35356-250', 'Grewar', 'Lilli', '587 Daystar Court', 'HKWJ', 'Chernomorets');
insert into client (CODE_CLIENT, NOM, PRENOM, ADRESSE, CODE_POSTAL, VILLE) values ('58118-0107', 'Hardwich', 'Yanaton', '99130 Mallard Plaza', 'CYQY', 'Sagay');
insert into client (CODE_CLIENT, NOM, PRENOM, ADRESSE, CODE_POSTAL, VILLE) values ('61957-0119', 'Masserel', 'Alejandrina', '0 Melvin Trail', 'SLRY', 'Agbor');
insert into client (CODE_CLIENT, NOM, PRENOM, ADRESSE, CODE_POSTAL, VILLE) values ('36987-2864', 'Billsberry', 'Fletcher', '661 5th Drive', 'VRMM', 'Sijunjung');
insert into client (CODE_CLIENT, NOM, PRENOM, ADRESSE, CODE_POSTAL, VILLE) values ('57664-146', 'Blayd', 'Zarah', '6695 Browning Circle', 'NZNS', 'Tiechang');
insert into client (CODE_CLIENT, NOM, PRENOM, ADRESSE, CODE_POSTAL, VILLE) values ('49288-0747', 'Nand', 'Graeme', '9 Elka Lane', 'HAFN', 'Beijiang');
insert into client (CODE_CLIENT, NOM, PRENOM, ADRESSE, CODE_POSTAL, VILLE) values ('51824-018', 'Willgoose', 'Newton', '6 Anderson Road', 'FMNS', 'Al Mazzūnah');


insert into produit (CODE_PRODUIT, LIBELLE_PRODUIT, DESCRIPTION, PRIX) values ('66993-408', 'Cheese Cloth', 'Excision of Left Hip Tendon, Percutaneous Endoscopic Approach, Diagnostic', 56);
insert into produit (CODE_PRODUIT, LIBELLE_PRODUIT, DESCRIPTION, PRIX) values ('0078-0371', 'Blueberries', 'Revision of Drainage Device in Gallbladder, Percutaneous Endoscopic Approach', 68);
insert into produit (CODE_PRODUIT, LIBELLE_PRODUIT, DESCRIPTION, PRIX) values ('10544-621', 'Tart Shells - Savory, 3', 'Bypass Right Femoral Artery to Posterior Tibial Artery with Autologous Arterial Tissue, Percutaneous Endoscopic Approach', 56);
insert into produit (CODE_PRODUIT, LIBELLE_PRODUIT, DESCRIPTION, PRIX) values ('62670-1527', 'Pear - Halves', 'Magnetic Resonance Imaging (MRI) of Left Hip using Other Contrast, Unenhanced and Enhanced', 91);
insert into produit (CODE_PRODUIT, LIBELLE_PRODUIT, DESCRIPTION, PRIX) values ('0069-3080', 'Flour Pastry Super Fine', 'Bypass Right External Iliac Artery to Left Femoral Artery with Autologous Arterial Tissue, Percutaneous Endoscopic Approach', 82);
insert into produit (CODE_PRODUIT, LIBELLE_PRODUIT, DESCRIPTION, PRIX) values ('63629-4676', 'Soup - Campbells Beef Stew', 'Reposition Right Femoral Shaft with Internal Fixation Device, Open Approach', 65);
insert into produit (CODE_PRODUIT, LIBELLE_PRODUIT, DESCRIPTION, PRIX) values ('33261-104', 'Corn Kernels - Frozen', 'Repair Right Inguinal Region, Percutaneous Approach', 75);
insert into produit (CODE_PRODUIT, LIBELLE_PRODUIT, DESCRIPTION, PRIX) values ('11527-089', 'Grapes - Red', 'Drainage of Accessory Pancreatic Duct, Via Natural or Artificial Opening Endoscopic', 68);
insert into produit (CODE_PRODUIT, LIBELLE_PRODUIT, DESCRIPTION, PRIX) values ('37000-302', 'Lettuce - Radicchio', 'Revision of Bone Growth Stimulator in Facial Bone, External Approach', 88);
insert into produit (CODE_PRODUIT, LIBELLE_PRODUIT, DESCRIPTION, PRIX) values ('49288-0168', 'Cream - 18%', 'Restriction of Urethra, Via Natural or Artificial Opening Endoscopic', 86);
insert into produit (CODE_PRODUIT, LIBELLE_PRODUIT, DESCRIPTION, PRIX) values ('10096-0228', 'Kiwi', 'Supplement Mitral Valve with Autologous Tissue Substitute, Percutaneous Endoscopic Approach', 85);
insert into produit (CODE_PRODUIT, LIBELLE_PRODUIT, DESCRIPTION, PRIX) values ('63433-897', 'Soap - Mr.clean Floor Soap', 'Excision of Bilateral Vas Deferens, Percutaneous Endoscopic Approach', 15);
insert into produit (CODE_PRODUIT, LIBELLE_PRODUIT, DESCRIPTION, PRIX) values ('54868-4249', 'Mushrooms - Honey', 'Removal of Intermittent Pressure Device on Right Upper Leg', 19);
insert into produit (CODE_PRODUIT, LIBELLE_PRODUIT, DESCRIPTION, PRIX) values ('36987-1673', 'Stock - Veal, Brown', 'Drainage of Thoracic Sympathetic Nerve, Open Approach', 80);
insert into produit (CODE_PRODUIT, LIBELLE_PRODUIT, DESCRIPTION, PRIX) values ('15338-122', 'Bag - Regular Kraft 20 Lb', 'Fragmentation in Right Pleural Cavity, Percutaneous Endoscopic Approach', 16);
insert into produit (CODE_PRODUIT, LIBELLE_PRODUIT, DESCRIPTION, PRIX) values ('49035-242', 'Onions - White', 'Supplement Right Face Vein with Synthetic Substitute, Open Approach', 40);
insert into produit (CODE_PRODUIT, LIBELLE_PRODUIT, DESCRIPTION, PRIX) values ('43742-0071', 'Wine - Casillero Del Diablo', 'Beam Radiation of Whole Body using Neutrons', 47);
insert into produit (CODE_PRODUIT, LIBELLE_PRODUIT, DESCRIPTION, PRIX) values ('61657-0967', 'Chives - Fresh', 'Reposition Left Metatarsal-Phalangeal Joint, Open Approach', 88);
insert into produit (CODE_PRODUIT, LIBELLE_PRODUIT, DESCRIPTION, PRIX) values ('63010-010', 'Jello - Assorted', 'Drainage of Right Metacarpophalangeal Joint, Percutaneous Approach', 97);
insert into produit (CODE_PRODUIT, LIBELLE_PRODUIT, DESCRIPTION, PRIX) values ('54868-5954', 'Soup - Campbells, Classic Chix', 'Supplement Right Iris with Nonautologous Tissue Substitute, Open Approach', 6);
insert into produit (CODE_PRODUIT, LIBELLE_PRODUIT, DESCRIPTION, PRIX) values ('64942-1193', 'Beef - Top Butt Aaa', 'Supplement Left Fallopian Tube with Synthetic Substitute, Via Natural or Artificial Opening Endoscopic', 22);
insert into produit (CODE_PRODUIT, LIBELLE_PRODUIT, DESCRIPTION, PRIX) values ('76509-151', 'Mangostein', 'Occlusion of Large Intestine with Intraluminal Device, Via Natural or Artificial Opening Endoscopic', 99);
insert into produit (CODE_PRODUIT, LIBELLE_PRODUIT, DESCRIPTION, PRIX) values ('36987-1593', 'Wine - Niagara,vqa Reisling', 'Drainage of Right Ankle Bursa and Ligament, Percutaneous Approach', 8);
insert into produit (CODE_PRODUIT, LIBELLE_PRODUIT, DESCRIPTION, PRIX) values ('60683-083', 'Watercress', 'Revision of Infusion Device in Respiratory Tract, External Approach', 8);
insert into produit (CODE_PRODUIT, LIBELLE_PRODUIT, DESCRIPTION, PRIX) values ('67544-946', 'Nantucket Pine Orangebanana', 'Removal of Synthetic Substitute from Vagina and Cul-de-sac, Via Natural or Artificial Opening Endoscopic', 81);
insert into produit (CODE_PRODUIT, LIBELLE_PRODUIT, DESCRIPTION, PRIX) values ('68026-115', 'Noodles - Steamed Chow Mein', 'Bypass Left Fallopian Tube to Right Fallopian Tube with Nonautologous Tissue Substitute, Open Approach', 62);
insert into produit (CODE_PRODUIT, LIBELLE_PRODUIT, DESCRIPTION, PRIX) values ('68745-1133', 'Clams - Littleneck, Whole', 'Fluoroscopy of Abdomen and Pelvis using Other Contrast', 26);
insert into produit (CODE_PRODUIT, LIBELLE_PRODUIT, DESCRIPTION, PRIX) values ('63395-201', 'Veal - Loin', 'Plain Radiography of Bilateral Salivary Glands using Low Osmolar Contrast', 67);
insert into produit (CODE_PRODUIT, LIBELLE_PRODUIT, DESCRIPTION, PRIX) values ('0019-9091', 'Napkin - Beverage 1 Ply', 'Bypass Duodenum to Duodenum with Synthetic Substitute, Via Natural or Artificial Opening Endoscopic', 5);
insert into produit (CODE_PRODUIT, LIBELLE_PRODUIT, DESCRIPTION, PRIX) values ('11390-004', 'Gelatine Leaves - Envelopes', 'Transfer Face Subcutaneous Tissue and Fascia with Skin and Subcutaneous Tissue, Open Approach', 52);
insert into produit (CODE_PRODUIT, LIBELLE_PRODUIT, DESCRIPTION, PRIX) values ('63868-202', 'Tea - Black Currant', 'Reposition of Thoracic Vertebra using Magnetically Controlled Growth Rod(s), Open Approach, New Technology Group 2', 34);
insert into produit (CODE_PRODUIT, LIBELLE_PRODUIT, DESCRIPTION, PRIX) values ('55319-390', 'Sugar - Sweet N Low, Individual', 'Dilation of Right Posterior Tibial Artery with Three Intraluminal Devices, Percutaneous Endoscopic Approach', 87);
insert into produit (CODE_PRODUIT, LIBELLE_PRODUIT, DESCRIPTION, PRIX) values ('42023-105', 'Beef Ground Medium', 'Reposition Right Common Carotid Artery, Percutaneous Endoscopic Approach', 9);
insert into produit (CODE_PRODUIT, LIBELLE_PRODUIT, DESCRIPTION, PRIX) values ('59614-301', 'Ecolab - Mikroklene 4/4 L', 'Release Right Radial Artery, Percutaneous Approach', 79);
insert into produit (CODE_PRODUIT, LIBELLE_PRODUIT, DESCRIPTION, PRIX) values ('0884-8211', 'Pasta - Penne, Lisce, Dry', 'Irrigation of Ear using Irrigating Substance, Via Natural or Artificial Opening', 45);
insert into produit (CODE_PRODUIT, LIBELLE_PRODUIT, DESCRIPTION, PRIX) values ('59779-265', 'Soup - French Onion', 'Planar Nuclear Medicine Imaging of Veins using Other Radionuclide', 97);
insert into produit (CODE_PRODUIT, LIBELLE_PRODUIT, DESCRIPTION, PRIX) values ('0469-3250', 'Oil - Sesame', 'Removal of Interbody Fusion Device from Cervicothoracic Vertebral Joint, Open Approach', 29);
insert into produit (CODE_PRODUIT, LIBELLE_PRODUIT, DESCRIPTION, PRIX) values ('0409-4777', 'French Pastries', 'Drainage of Right Subclavian Vein, Percutaneous Endoscopic Approach, Diagnostic', 1);
insert into produit (CODE_PRODUIT, LIBELLE_PRODUIT, DESCRIPTION, PRIX) values ('0173-0753', 'Sobe - Lizard Fuel', 'Release Left Kidney Pelvis, Open Approach', 11);
insert into produit (CODE_PRODUIT, LIBELLE_PRODUIT, DESCRIPTION, PRIX) values ('67457-523', 'Salt - Table', 'Repair Lumbar Nerve, Percutaneous Approach', 60);
insert into produit (CODE_PRODUIT, LIBELLE_PRODUIT, DESCRIPTION, PRIX) values ('56062-462', 'Soup - Campbells Chili', 'Drainage of Mediastinum with Drainage Device, Open Approach', 58);
insert into produit (CODE_PRODUIT, LIBELLE_PRODUIT, DESCRIPTION, PRIX) values ('55154-8384', 'Muffin Mix - Corn Harvest', 'Repair Right Hand, External Approach', 1);
insert into produit (CODE_PRODUIT, LIBELLE_PRODUIT, DESCRIPTION, PRIX) values ('0085-0575', 'Wine - Jafflin Bourgongone', 'Occlusion of Right Middle Lobe Bronchus with Extraluminal Device, Percutaneous Endoscopic Approach', 38);
insert into produit (CODE_PRODUIT, LIBELLE_PRODUIT, DESCRIPTION, PRIX) values ('0363-0105', 'Nut - Pecan, Halves', 'Insertion of Tissue Expander into Anterior Neck Subcutaneous Tissue and Fascia, Percutaneous Approach', 26);
insert into produit (CODE_PRODUIT, LIBELLE_PRODUIT, DESCRIPTION, PRIX) values ('53645-1280', 'Lamb - Whole Head Off', 'Replacement of Right Metatarsal with Synthetic Substitute, Open Approach', 75);
insert into produit (CODE_PRODUIT, LIBELLE_PRODUIT, DESCRIPTION, PRIX) values ('0023-9211', 'Beer - True North Lager', 'Restriction of Right Ureter, Percutaneous Endoscopic Approach', 5);
insert into produit (CODE_PRODUIT, LIBELLE_PRODUIT, DESCRIPTION, PRIX) values ('61077-101', 'Pastry - Cherry Danish - Mini', 'Restriction of Left Ulnar Artery with Extraluminal Device, Percutaneous Approach', 43);
insert into produit (CODE_PRODUIT, LIBELLE_PRODUIT, DESCRIPTION, PRIX) values ('49999-004', 'Shrimp - 31/40', 'Insertion of Limb Lengthening External Fixation Device into Left Radius, Percutaneous Endoscopic Approach', 20);
insert into produit (CODE_PRODUIT, LIBELLE_PRODUIT, DESCRIPTION, PRIX) values ('43063-228', 'Pastry - Carrot Muffin - Mini', 'Transfer Left Foot Subcutaneous Tissue and Fascia with Skin and Subcutaneous Tissue, Open Approach', 16);
insert into produit (CODE_PRODUIT, LIBELLE_PRODUIT, DESCRIPTION, PRIX) values ('36987-3019', 'Macaroons - Homestyle Two Bit', 'Release Ileum, Percutaneous Approach', 36);
insert into produit (CODE_PRODUIT, LIBELLE_PRODUIT, DESCRIPTION, PRIX) values ('8290-3268', 'Table Cloth 53x69 White', 'Excision of Medulla Oblongata, Percutaneous Approach', 90);
insert into produit (CODE_PRODUIT, LIBELLE_PRODUIT, DESCRIPTION, PRIX) values ('50991-214', 'Sparkling Wine - Rose, Freixenet', 'High Dose Rate (HDR) Brachytherapy of Head and Neck using Other Isotope', 89);
insert into produit (CODE_PRODUIT, LIBELLE_PRODUIT, DESCRIPTION, PRIX) values ('61578-206', 'Evaporated Milk - Skim', 'Therapeutic Exercise Treatment of Circulatory System - Head and Neck using Prosthesis', 93);
insert into produit (CODE_PRODUIT, LIBELLE_PRODUIT, DESCRIPTION, PRIX) values ('98132-128', 'Bagel - Everything Presliced', 'Inspection of Lower Back, External Approach', 74);
insert into produit (CODE_PRODUIT, LIBELLE_PRODUIT, DESCRIPTION, PRIX) values ('60505-2795', 'Beef Striploin Aaa', 'Restriction of Thoracic Duct, Percutaneous Approach', 28);
insert into produit (CODE_PRODUIT, LIBELLE_PRODUIT, DESCRIPTION, PRIX) values ('36987-2051', 'Cheese - Brie, Cups 125g', 'Stereotactic Other Photon Radiosurgery of Head and Neck', 69);
insert into produit (CODE_PRODUIT, LIBELLE_PRODUIT, DESCRIPTION, PRIX) values ('43538-176', 'Nantucket - Pomegranate Pear', 'Low Dose Rate (LDR) Brachytherapy of Spleen using Iodine 125 (I-125)', 59);
insert into produit (CODE_PRODUIT, LIBELLE_PRODUIT, DESCRIPTION, PRIX) values ('33992-1403', 'Nantuket Peach Orange', 'Replacement of Left Hand Skin with Nonautologous Tissue Substitute, Full Thickness, External Approach', 59);
insert into produit (CODE_PRODUIT, LIBELLE_PRODUIT, DESCRIPTION, PRIX) values ('41250-880', 'Bagel - Whole White Sesame', 'Extirpation of Matter from Right Maxillary Sinus, Percutaneous Endoscopic Approach', 10);
insert into produit (CODE_PRODUIT, LIBELLE_PRODUIT, DESCRIPTION, PRIX) values ('0409-1109', 'Wine - Merlot Vina Carmen', 'Drainage of Left Posterior Tibial Artery with Drainage Device, Percutaneous Approach', 22);
insert into produit (CODE_PRODUIT, LIBELLE_PRODUIT, DESCRIPTION, PRIX) values ('34690-6001', 'Capon - Whole', 'Excision of Bilateral Lungs, Percutaneous Endoscopic Approach', 88);
insert into produit (CODE_PRODUIT, LIBELLE_PRODUIT, DESCRIPTION, PRIX) values ('40032-122', 'Bread - Granary Small Pull', 'Replacement of Pulmonary Trunk with Synthetic Substitute, Percutaneous Endoscopic Approach', 72);
insert into produit (CODE_PRODUIT, LIBELLE_PRODUIT, DESCRIPTION, PRIX) values ('37000-339', 'Shrimp - 16/20, Peeled Deviened', 'Supplement Right Hand Bursa and Ligament with Synthetic Substitute, Open Approach', 32);
insert into produit (CODE_PRODUIT, LIBELLE_PRODUIT, DESCRIPTION, PRIX) values ('54061-101', 'Tea - Lemon Green Tea', 'Restriction of Transverse Colon, Via Natural or Artificial Opening Endoscopic', 63);
insert into produit (CODE_PRODUIT, LIBELLE_PRODUIT, DESCRIPTION, PRIX) values ('11822-2250', 'Iced Tea - Lemon, 460 Ml', 'Reposition Right Maxilla, Percutaneous Endoscopic Approach', 72);
insert into produit (CODE_PRODUIT, LIBELLE_PRODUIT, DESCRIPTION, PRIX) values ('11523-7329', 'Flavouring Vanilla Artificial', 'Drainage of Right External Iliac Artery, Percutaneous Approach', 68);
insert into produit (CODE_PRODUIT, LIBELLE_PRODUIT, DESCRIPTION, PRIX) values ('0517-0234', 'Pan Grease', 'Revision of Nonautologous Tissue Substitute in Right Acromioclavicular Joint, Percutaneous Approach', 69);
insert into produit (CODE_PRODUIT, LIBELLE_PRODUIT, DESCRIPTION, PRIX) values ('63629-4245', 'Drambuie', 'Control Bleeding in Right Inguinal Region, Percutaneous Approach', 52);
insert into produit (CODE_PRODUIT, LIBELLE_PRODUIT, DESCRIPTION, PRIX) values ('11673-238', 'Peas - Frozen', 'Drainage of Left Thorax Bursa and Ligament, Percutaneous Approach, Diagnostic', 67);
insert into produit (CODE_PRODUIT, LIBELLE_PRODUIT, DESCRIPTION, PRIX) values ('0187-5172', 'Veal - Liver', 'Low Dose Rate (LDR) Brachytherapy of Pelvis Lymphatics using Iridium 192 (Ir-192)', 97);
insert into produit (CODE_PRODUIT, LIBELLE_PRODUIT, DESCRIPTION, PRIX) values ('0591-2641', 'Snapple - Mango Maddness', 'Restriction of Left Ureter with Extraluminal Device, Open Approach', 34);
insert into produit (CODE_PRODUIT, LIBELLE_PRODUIT, DESCRIPTION, PRIX) values ('52685-465', 'Wine - Kwv Chenin Blanc South', 'Introduction of Immunostimulator into Central Artery, Open', 17);
insert into produit (CODE_PRODUIT, LIBELLE_PRODUIT, DESCRIPTION, PRIX) values ('49349-870', 'Wine - Casablanca Valley', 'Change Female Genital Tract Packing Material', 45);
insert into produit (CODE_PRODUIT, LIBELLE_PRODUIT, DESCRIPTION, PRIX) values ('0574-0222', 'Beef - Ox Tail, Frozen', 'Bypass Right Ventricle to Pulmonary Trunk with Autologous Arterial Tissue, Open Approach', 27);
insert into produit (CODE_PRODUIT, LIBELLE_PRODUIT, DESCRIPTION, PRIX) values ('55154-2027', 'Coconut - Creamed, Pure', 'Supplement Soft Palate with Nonautologous Tissue Substitute, External Approach', 7);
insert into produit (CODE_PRODUIT, LIBELLE_PRODUIT, DESCRIPTION, PRIX) values ('52125-601', 'Tea - Darjeeling, Azzura', 'Restriction of Right Large Intestine, Percutaneous Endoscopic Approach', 62);
insert into produit (CODE_PRODUIT, LIBELLE_PRODUIT, DESCRIPTION, PRIX) values ('50419-789', 'Cup - 8oz Coffee Perforated', 'Destruction of Lumbosacral Plexus, Percutaneous Approach', 24);
insert into produit (CODE_PRODUIT, LIBELLE_PRODUIT, DESCRIPTION, PRIX) values ('10812-333', 'Muffin Mix - Oatmeal', 'Removal of Internal Fixation Device from Right Lower Femur, External Approach', 20);
insert into produit (CODE_PRODUIT, LIBELLE_PRODUIT, DESCRIPTION, PRIX) values ('75857-1123', 'Bread Foccacia Whole', 'Drainage of Cystic Duct with Drainage Device, Percutaneous Endoscopic Approach', 25);
insert into produit (CODE_PRODUIT, LIBELLE_PRODUIT, DESCRIPTION, PRIX) values ('13537-204', 'Berry Brulee', 'Insertion of Intramedullary Internal Fixation Device into Left Upper Femur, Open Approach', 32);
insert into produit (CODE_PRODUIT, LIBELLE_PRODUIT, DESCRIPTION, PRIX) values ('21130-003', 'Marjoram - Fresh', 'Bypass Thoracic Aorta, Ascending/Arch to Left Pulmonary Artery with Synthetic Substitute, Open Approach', 53);
insert into produit (CODE_PRODUIT, LIBELLE_PRODUIT, DESCRIPTION, PRIX) values ('58892-600', 'Tart - Lemon', 'Revision of Drainage Device in Epididymis and Spermatic Cord, Via Natural or Artificial Opening Endoscopic', 38);
insert into produit (CODE_PRODUIT, LIBELLE_PRODUIT, DESCRIPTION, PRIX) values ('46123-030', 'Carrots - Jumbo', 'Revision of Infusion Device in Left Elbow Joint, Percutaneous Approach', 6);
insert into produit (CODE_PRODUIT, LIBELLE_PRODUIT, DESCRIPTION, PRIX) values ('43857-0251', 'Pepper - Jalapeno', 'Replacement of Right Vertebral Artery with Nonautologous Tissue Substitute, Open Approach', 13);
insert into produit (CODE_PRODUIT, LIBELLE_PRODUIT, DESCRIPTION, PRIX) values ('54868-6109', 'Dried Cherries', 'Dilation of Left Foot Artery, Bifurcation, with Drug-eluting Intraluminal Device, Open Approach', 78);
insert into produit (CODE_PRODUIT, LIBELLE_PRODUIT, DESCRIPTION, PRIX) values ('0615-6591', 'Irish Cream - Baileys', 'Repair Tricuspid Valve, Percutaneous Approach', 27);
insert into produit (CODE_PRODUIT, LIBELLE_PRODUIT, DESCRIPTION, PRIX) values ('67234-009', 'Pasta - Linguini, Dry', 'Drainage of Right Fallopian Tube, Open Approach, Diagnostic', 57);
insert into produit (CODE_PRODUIT, LIBELLE_PRODUIT, DESCRIPTION, PRIX) values ('55154-6129', 'Pasta - Ravioli', 'Repair Lower Lip, Percutaneous Approach', 7);
insert into produit (CODE_PRODUIT, LIBELLE_PRODUIT, DESCRIPTION, PRIX) values ('54838-140', 'Cheese - Cheddar, Old White', 'Fragmentation in Appendix, Percutaneous Endoscopic Approach', 61);
insert into produit (CODE_PRODUIT, LIBELLE_PRODUIT, DESCRIPTION, PRIX) values ('36987-3317', 'Soup - Knorr, French Onion', 'Supplement Right Ulnar Artery with Synthetic Substitute, Percutaneous Approach', 70);
insert into produit (CODE_PRODUIT, LIBELLE_PRODUIT, DESCRIPTION, PRIX) values ('36987-3439', 'Garam Marsala', 'Bypass Left Lesser Saphenous Vein to Lower Vein with Autologous Tissue Substitute, Percutaneous Endoscopic Approach', 83);
insert into produit (CODE_PRODUIT, LIBELLE_PRODUIT, DESCRIPTION, PRIX) values ('61047-812', 'Lettuce - Frisee', 'Supplement Left Toe Phalanx with Nonautologous Tissue Substitute, Percutaneous Endoscopic Approach', 38);
insert into produit (CODE_PRODUIT, LIBELLE_PRODUIT, DESCRIPTION, PRIX) values ('37808-517', 'Cabbage Roll', 'Excision of Right Clavicle, Percutaneous Approach, Diagnostic', 15);
insert into produit (CODE_PRODUIT, LIBELLE_PRODUIT, DESCRIPTION, PRIX) values ('49349-059', 'Wine - Red, Lurton Merlot De', 'Restriction of Descending Colon with Extraluminal Device, Percutaneous Approach', 15);
insert into produit (CODE_PRODUIT, LIBELLE_PRODUIT, DESCRIPTION, PRIX) values ('0603-6240', 'Beets - Pickled', 'Excision of Right Renal Vein, Percutaneous Endoscopic Approach', 16);
insert into produit (CODE_PRODUIT, LIBELLE_PRODUIT, DESCRIPTION, PRIX) values ('66353-200', 'Crab - Back Fin Meat, Canned', 'Introduction of Local Anesthetic into Nose, Via Natural or Artificial Opening', 30);
insert into produit (CODE_PRODUIT, LIBELLE_PRODUIT, DESCRIPTION, PRIX) values ('0615-2596', 'Wine - Maipo Valle Cabernet', 'Revision of Autologous Tissue Substitute in Lower Tendon, External Approach', 55);
insert into produit (CODE_PRODUIT, LIBELLE_PRODUIT, DESCRIPTION, PRIX) values ('35418-402', 'Pork Casing', 'Repair Hepatobiliary and Pancreas in Products of Conception with Other Device, Via Natural or Artificial Opening', 26);
insert into produit (CODE_PRODUIT, LIBELLE_PRODUIT, DESCRIPTION, PRIX) values ('33261-087', 'Nut - Peanut, Roasted', 'Repair Right Clavicle, Percutaneous Endoscopic Approach', 73);
insert into produit (CODE_PRODUIT, LIBELLE_PRODUIT, DESCRIPTION, PRIX) values ('42507-207', 'Pumpkin - Seed', 'Drainage of Acoustic Nerve with Drainage Device, Percutaneous Endoscopic Approach', 55);

insert into commande (DATE, CODE_CLIENT) values ('2018/07/21', '0409-1626');
insert into commande (DATE, CODE_CLIENT) values ('2010/10/18', '51079-941');
insert into commande (DATE, CODE_CLIENT) values ('2020/04/05', '0268-1402');
insert into commande (DATE, CODE_CLIENT) values ('2014/08/12', '0338-1113');
insert into commande (DATE, CODE_CLIENT) values ('2011/10/11', '50436-0158');
insert into commande (DATE, CODE_CLIENT) values ('2015/08/13', '48951-8247');
insert into commande (DATE, CODE_CLIENT) values ('2012/07/26', '60289-282');
insert into commande (DATE, CODE_CLIENT) values ('2021/11/01', '12027-104');
insert into commande (DATE, CODE_CLIENT) values ('2015/08/13', '46122-274');
insert into commande (DATE, CODE_CLIENT) values ('2011/04/07', '41190-951');
insert into commande (DATE, CODE_CLIENT) values ('2010/09/14', '0832-0300');
insert into commande (DATE, CODE_CLIENT) values ('2021/08/25', '49288-0621');
insert into commande (DATE, CODE_CLIENT) values ('2022/02/28', '0944-8402');
insert into commande (DATE, CODE_CLIENT) values ('2011/11/15', '13107-006');
insert into commande (DATE, CODE_CLIENT) values ('2010/12/16', '55154-3875');
insert into commande (DATE, CODE_CLIENT) values ('2022/09/13', '31357-040');
insert into commande (DATE, CODE_CLIENT) values ('2017/02/08', '37808-056');
insert into commande (DATE, CODE_CLIENT) values ('2013/08/01', '52125-926');
insert into commande (DATE, CODE_CLIENT) values ('2020/08/02', '37000-617');
insert into commande (DATE, CODE_CLIENT) values ('2022/05/24', '57237-013');
insert into commande (DATE, CODE_CLIENT) values ('2012/08/22', '68788-9994');
insert into commande (DATE, CODE_CLIENT) values ('2016/02/08', '0536-4122');
insert into commande (DATE, CODE_CLIENT) values ('2012/02/26', '58232-6036');
insert into commande (DATE, CODE_CLIENT) values ('2015/02/23', '54569-2376');
insert into commande (DATE, CODE_CLIENT) values ('2021/05/03', '0078-0500');
insert into commande (DATE, CODE_CLIENT) values ('2016/08/20', '49364-110');
insert into commande (DATE, CODE_CLIENT) values ('2017/04/29', '59572-205');
insert into commande (DATE, CODE_CLIENT) values ('2020/02/20', '49288-0905');
insert into commande (DATE, CODE_CLIENT) values ('2019/06/27', '29336-322');
insert into commande (DATE, CODE_CLIENT) values ('2021/12/15', '41163-423');
insert into commande (DATE, CODE_CLIENT) values ('2022/07/21', '0406-9907');
insert into commande (DATE, CODE_CLIENT) values ('2014/09/05', '0641-0493');
insert into commande (DATE, CODE_CLIENT) values ('2022/07/23', '54429-0103');
insert into commande (DATE, CODE_CLIENT) values ('2022/10/09', '98132-885');
insert into commande (DATE, CODE_CLIENT) values ('2016/10/15', '0641-6118');
insert into commande (DATE, CODE_CLIENT) values ('2022/07/17', '35356-250');
insert into commande (DATE, CODE_CLIENT) values ('2016/12/02', '58118-0107');
insert into commande (DATE, CODE_CLIENT) values ('2016/11/30', '61957-0119');
insert into commande (DATE, CODE_CLIENT) values ('2016/01/20', '36987-2864');
insert into commande (DATE, CODE_CLIENT) values ('2011/11/28', '57664-146');
insert into commande (DATE, CODE_CLIENT) values ('2022/04/21', '49288-0747');
insert into commande (DATE, CODE_CLIENT) values ('2018/07/14', '51824-018');
insert into commande (DATE, CODE_CLIENT) values ('2021/03/11', '0409-1626');
insert into commande (DATE, CODE_CLIENT) values ('2020/10/17', '51079-941');
insert into commande (DATE, CODE_CLIENT) values ('2011/03/24', '0268-1402');
insert into commande (DATE, CODE_CLIENT) values ('2021/12/11', '0338-1113');
insert into commande (DATE, CODE_CLIENT) values ('2021/09/30', '50436-0158');
insert into commande (DATE, CODE_CLIENT) values ('2018/10/05', '48951-8247');
insert into commande (DATE, CODE_CLIENT) values ('2015/06/07', '60289-282');
insert into commande (DATE, CODE_CLIENT) values ('2014/11/12', '12027-104');
insert into commande (DATE, CODE_CLIENT) values ('2020/10/30', '46122-274');
insert into commande (DATE, CODE_CLIENT) values ('2014/04/30', '41190-951');
insert into commande (DATE, CODE_CLIENT) values ('2022/02/06', '0832-0300');
insert into commande (DATE, CODE_CLIENT) values ('2017/09/06', '49288-0621');
insert into commande (DATE, CODE_CLIENT) values ('2012/12/04', '0944-8402');
insert into commande (DATE, CODE_CLIENT) values ('2018/08/02', '13107-006');
insert into commande (DATE, CODE_CLIENT) values ('2017/08/20', '55154-3875');
insert into commande (DATE, CODE_CLIENT) values ('2011/12/17', '31357-040');
insert into commande (DATE, CODE_CLIENT) values ('2021/03/19', '37808-056');
insert into commande (DATE, CODE_CLIENT) values ('2016/01/27', '52125-926');
insert into commande (DATE, CODE_CLIENT) values ('2012/03/11', '37000-617');
insert into commande (DATE, CODE_CLIENT) values ('2017/09/12', '57237-013');
insert into commande (DATE, CODE_CLIENT) values ('2010/07/24', '68788-9994');
insert into commande (DATE, CODE_CLIENT) values ('2020/08/25', '0536-4122');
insert into commande (DATE, CODE_CLIENT) values ('2020/02/09', '58232-6036');
insert into commande (DATE, CODE_CLIENT) values ('2017/08/29', '54569-2376');
insert into commande (DATE, CODE_CLIENT) values ('2022/10/18', '0078-0500');
insert into commande (DATE, CODE_CLIENT) values ('2019/08/09', '49364-110');
insert into commande (DATE, CODE_CLIENT) values ('2012/09/30', '59572-205');
insert into commande (DATE, CODE_CLIENT) values ('2013/07/16', '49288-0905');
insert into commande (DATE, CODE_CLIENT) values ('2020/03/24', '29336-322');
insert into commande (DATE, CODE_CLIENT) values ('2011/09/10', '41163-423');
insert into commande (DATE, CODE_CLIENT) values ('2011/07/19', '0406-9907');
insert into commande (DATE, CODE_CLIENT) values ('2012/06/08', '0641-0493');
insert into commande (DATE, CODE_CLIENT) values ('2018/12/23', '54429-0103');
insert into commande (DATE, CODE_CLIENT) values ('2018/05/22', '98132-885');
insert into commande (DATE, CODE_CLIENT) values ('2015/09/10', '0641-6118');
insert into commande (DATE, CODE_CLIENT) values ('2015/11/05', '35356-250');
insert into commande (DATE, CODE_CLIENT) values ('2020/08/21', '58118-0107');
insert into commande (DATE, CODE_CLIENT) values ('2016/04/24', '61957-0119');
insert into commande (DATE, CODE_CLIENT) values ('2022/08/09', '36987-2864');
insert into commande (DATE, CODE_CLIENT) values ('2022/02/16', '57664-146');
insert into commande (DATE, CODE_CLIENT) values ('2010/09/10', '49288-0747');
insert into commande (DATE, CODE_CLIENT) values ('2016/05/07', '51824-018');
insert into commande (DATE, CODE_CLIENT) values ('2021/01/22', '0409-1626');
insert into commande (DATE, CODE_CLIENT) values ('2019/07/26', '51079-941');
insert into commande (DATE, CODE_CLIENT) values ('2021/11/17', '0268-1402');
insert into commande (DATE, CODE_CLIENT) values ('2012/12/30', '0338-1113');
insert into commande (DATE, CODE_CLIENT) values ('2011/03/28', '50436-0158');
insert into commande (DATE, CODE_CLIENT) values ('2015/04/05', '48951-8247');
insert into commande (DATE, CODE_CLIENT) values ('2014/10/19', '60289-282');
insert into commande (DATE, CODE_CLIENT) values ('2015/02/27', '12027-104');
insert into commande (DATE, CODE_CLIENT) values ('2014/08/23', '46122-274');
insert into commande (DATE, CODE_CLIENT) values ('2012/09/06', '41190-951');
insert into commande (DATE, CODE_CLIENT) values ('2017/03/26', '0832-0300');
insert into commande (DATE, CODE_CLIENT) values ('2015/02/10', '49288-0621');
insert into commande (DATE, CODE_CLIENT) values ('2016/06/05', '0944-8402');
insert into commande (DATE, CODE_CLIENT) values ('2019/09/04', '13107-006');
insert into commande (DATE, CODE_CLIENT) values ('2011/02/09', '55154-3875');
insert into commande (DATE, CODE_CLIENT) values ('2017/02/07', '31357-040');

INSERT INTO detail_commande (ID_COMMANDE, CODE_PRODUIT, QUANTITE) VALUES (1, "11390-004", 4);
INSERT INTO detail_commande (ID_COMMANDE, CODE_PRODUIT, QUANTITE) VALUES (1, "0603-6240", 1);
INSERT INTO detail_commande (ID_COMMANDE, CODE_PRODUIT, QUANTITE) VALUES (1, "11523-7329", 2);
INSERT INTO detail_commande (ID_COMMANDE, CODE_PRODUIT, QUANTITE) VALUES (2, "49288-0168", 5);
INSERT INTO detail_commande (ID_COMMANDE, CODE_PRODUIT, QUANTITE) VALUES (2, "61657-0967", 1);
INSERT INTO detail_commande (ID_COMMANDE, CODE_PRODUIT, QUANTITE) VALUES (2, "36987-2051", 1);
INSERT INTO detail_commande (ID_COMMANDE, CODE_PRODUIT, QUANTITE) VALUES (2, "64942-1193", 5);
INSERT INTO detail_commande (ID_COMMANDE, CODE_PRODUIT, QUANTITE) VALUES (3, "8290-3268", 2);
INSERT INTO detail_commande (ID_COMMANDE, CODE_PRODUIT, QUANTITE) VALUES (3, "63629-4245", 2);
INSERT INTO detail_commande (ID_COMMANDE, CODE_PRODUIT, QUANTITE) VALUES (4, "11390-004", 2);
INSERT INTO detail_commande (ID_COMMANDE, CODE_PRODUIT, QUANTITE) VALUES (4, "59614-301", 4);
INSERT INTO detail_commande (ID_COMMANDE, CODE_PRODUIT, QUANTITE) VALUES (4, "54838-140", 1);
INSERT INTO detail_commande (ID_COMMANDE, CODE_PRODUIT, QUANTITE) VALUES (5, "58892-600", 3);
INSERT INTO detail_commande (ID_COMMANDE, CODE_PRODUIT, QUANTITE) VALUES (5, "0469-3250", 2);
INSERT INTO detail_commande (ID_COMMANDE, CODE_PRODUIT, QUANTITE) VALUES (5, "61578-206", 5);
INSERT INTO detail_commande (ID_COMMANDE, CODE_PRODUIT, QUANTITE) VALUES (6, "59614-301", 1);
INSERT INTO detail_commande (ID_COMMANDE, CODE_PRODUIT, QUANTITE) VALUES (7, "67234-009", 2);
INSERT INTO detail_commande (ID_COMMANDE, CODE_PRODUIT, QUANTITE) VALUES (8, "0085-0575", 5);
INSERT INTO detail_commande (ID_COMMANDE, CODE_PRODUIT, QUANTITE) VALUES (8, "59614-301", 2);
INSERT INTO detail_commande (ID_COMMANDE, CODE_PRODUIT, QUANTITE) VALUES (8, "63629-4245", 3);
INSERT INTO detail_commande (ID_COMMANDE, CODE_PRODUIT, QUANTITE) VALUES (8, "56062-462", 4);
INSERT INTO detail_commande (ID_COMMANDE, CODE_PRODUIT, QUANTITE) VALUES (9, "55154-6129", 5);
INSERT INTO detail_commande (ID_COMMANDE, CODE_PRODUIT, QUANTITE) VALUES (9, "36987-1673", 5);
INSERT INTO detail_commande (ID_COMMANDE, CODE_PRODUIT, QUANTITE) VALUES (10, "0615-2596", 1);
INSERT INTO detail_commande (ID_COMMANDE, CODE_PRODUIT, QUANTITE) VALUES (10, "0615-6591", 5);
INSERT INTO detail_commande (ID_COMMANDE, CODE_PRODUIT, QUANTITE) VALUES (10, "0069-3080", 4);
INSERT INTO detail_commande (ID_COMMANDE, CODE_PRODUIT, QUANTITE) VALUES (10, "55319-390", 5);
INSERT INTO detail_commande (ID_COMMANDE, CODE_PRODUIT, QUANTITE) VALUES (10, "0173-0753", 5);
INSERT INTO detail_commande (ID_COMMANDE, CODE_PRODUIT, QUANTITE) VALUES (11, "55319-390", 3);
INSERT INTO detail_commande (ID_COMMANDE, CODE_PRODUIT, QUANTITE) VALUES (11, "49288-0168", 5);
INSERT INTO detail_commande (ID_COMMANDE, CODE_PRODUIT, QUANTITE) VALUES (11, "49349-870", 4);
INSERT INTO detail_commande (ID_COMMANDE, CODE_PRODUIT, QUANTITE) VALUES (12, "0884-8211", 5);
INSERT INTO detail_commande (ID_COMMANDE, CODE_PRODUIT, QUANTITE) VALUES (12, "63868-202", 1);
INSERT INTO detail_commande (ID_COMMANDE, CODE_PRODUIT, QUANTITE) VALUES (13, "54868-4249", 4);
INSERT INTO detail_commande (ID_COMMANDE, CODE_PRODUIT, QUANTITE) VALUES (13, "58892-600", 4);
INSERT INTO detail_commande (ID_COMMANDE, CODE_PRODUIT, QUANTITE) VALUES (13, "42023-105", 5);
INSERT INTO detail_commande (ID_COMMANDE, CODE_PRODUIT, QUANTITE) VALUES (14, "98132-128", 1);
INSERT INTO detail_commande (ID_COMMANDE, CODE_PRODUIT, QUANTITE) VALUES (14, "13537-204", 5);
INSERT INTO detail_commande (ID_COMMANDE, CODE_PRODUIT, QUANTITE) VALUES (14, "60683-083", 3);
INSERT INTO detail_commande (ID_COMMANDE, CODE_PRODUIT, QUANTITE) VALUES (14, "67544-946", 2);
INSERT INTO detail_commande (ID_COMMANDE, CODE_PRODUIT, QUANTITE) VALUES (14, "66353-200", 4);
INSERT INTO detail_commande (ID_COMMANDE, CODE_PRODUIT, QUANTITE) VALUES (15, "68745-1133", 4);
INSERT INTO detail_commande (ID_COMMANDE, CODE_PRODUIT, QUANTITE) VALUES (16, "21130-003", 1);
INSERT INTO detail_commande (ID_COMMANDE, CODE_PRODUIT, QUANTITE) VALUES (16, "0019-9091", 5);
INSERT INTO detail_commande (ID_COMMANDE, CODE_PRODUIT, QUANTITE) VALUES (16, "33261-087", 5);
INSERT INTO detail_commande (ID_COMMANDE, CODE_PRODUIT, QUANTITE) VALUES (16, "0469-3250", 2);
INSERT INTO detail_commande (ID_COMMANDE, CODE_PRODUIT, QUANTITE) VALUES (17, "0615-6591", 5);
INSERT INTO detail_commande (ID_COMMANDE, CODE_PRODUIT, QUANTITE) VALUES (18, "56062-462", 3);
INSERT INTO detail_commande (ID_COMMANDE, CODE_PRODUIT, QUANTITE) VALUES (18, "67457-523", 4);
INSERT INTO detail_commande (ID_COMMANDE, CODE_PRODUIT, QUANTITE) VALUES (18, "54868-5954", 5);
INSERT INTO detail_commande (ID_COMMANDE, CODE_PRODUIT, QUANTITE) VALUES (18, "98132-128", 4);
INSERT INTO detail_commande (ID_COMMANDE, CODE_PRODUIT, QUANTITE) VALUES (18, "0019-9091", 3);
INSERT INTO detail_commande (ID_COMMANDE, CODE_PRODUIT, QUANTITE) VALUES (19, "0085-0575", 5);
INSERT INTO detail_commande (ID_COMMANDE, CODE_PRODUIT, QUANTITE) VALUES (19, "62670-1527", 5);
INSERT INTO detail_commande (ID_COMMANDE, CODE_PRODUIT, QUANTITE) VALUES (20, "0019-9091", 4);
INSERT INTO detail_commande (ID_COMMANDE, CODE_PRODUIT, QUANTITE) VALUES (20, "60505-2795", 3);
INSERT INTO detail_commande (ID_COMMANDE, CODE_PRODUIT, QUANTITE) VALUES (20, "33261-104", 1);
INSERT INTO detail_commande (ID_COMMANDE, CODE_PRODUIT, QUANTITE) VALUES (20, "0615-2596", 3);
INSERT INTO detail_commande (ID_COMMANDE, CODE_PRODUIT, QUANTITE) VALUES (21, "63395-201", 5);
INSERT INTO detail_commande (ID_COMMANDE, CODE_PRODUIT, QUANTITE) VALUES (21, "54868-4249", 3);
INSERT INTO detail_commande (ID_COMMANDE, CODE_PRODUIT, QUANTITE) VALUES (21, "68026-115", 4);
INSERT INTO detail_commande (ID_COMMANDE, CODE_PRODUIT, QUANTITE) VALUES (21, "76509-151", 2);
INSERT INTO detail_commande (ID_COMMANDE, CODE_PRODUIT, QUANTITE) VALUES (22, "40032-122", 1);
INSERT INTO detail_commande (ID_COMMANDE, CODE_PRODUIT, QUANTITE) VALUES (22, "33261-087", 4);
INSERT INTO detail_commande (ID_COMMANDE, CODE_PRODUIT, QUANTITE) VALUES (23, "55154-6129", 4);
INSERT INTO detail_commande (ID_COMMANDE, CODE_PRODUIT, QUANTITE) VALUES (23, "0615-2596", 5);
INSERT INTO detail_commande (ID_COMMANDE, CODE_PRODUIT, QUANTITE) VALUES (23, "35418-402", 4);
INSERT INTO detail_commande (ID_COMMANDE, CODE_PRODUIT, QUANTITE) VALUES (24, "54061-101", 2);
INSERT INTO detail_commande (ID_COMMANDE, CODE_PRODUIT, QUANTITE) VALUES (24, "49288-0168", 2);
INSERT INTO detail_commande (ID_COMMANDE, CODE_PRODUIT, QUANTITE) VALUES (25, "37000-302", 5);
INSERT INTO detail_commande (ID_COMMANDE, CODE_PRODUIT, QUANTITE) VALUES (25, "54868-6109", 2);
INSERT INTO detail_commande (ID_COMMANDE, CODE_PRODUIT, QUANTITE) VALUES (25, "43742-0071", 2);
INSERT INTO detail_commande (ID_COMMANDE, CODE_PRODUIT, QUANTITE) VALUES (26, "0085-0575", 2);
INSERT INTO detail_commande (ID_COMMANDE, CODE_PRODUIT, QUANTITE) VALUES (27, "0603-6240", 3);
INSERT INTO detail_commande (ID_COMMANDE, CODE_PRODUIT, QUANTITE) VALUES (27, "0078-0371", 1);
INSERT INTO detail_commande (ID_COMMANDE, CODE_PRODUIT, QUANTITE) VALUES (27, "61578-206", 5);
INSERT INTO detail_commande (ID_COMMANDE, CODE_PRODUIT, QUANTITE) VALUES (28, "33992-1403", 4);
INSERT INTO detail_commande (ID_COMMANDE, CODE_PRODUIT, QUANTITE) VALUES (29, "43538-176", 3);
INSERT INTO detail_commande (ID_COMMANDE, CODE_PRODUIT, QUANTITE) VALUES (29, "0615-6591", 5);
INSERT INTO detail_commande (ID_COMMANDE, CODE_PRODUIT, QUANTITE) VALUES (29, "61077-101", 2);
INSERT INTO detail_commande (ID_COMMANDE, CODE_PRODUIT, QUANTITE) VALUES (30, "0409-1109", 3);
INSERT INTO detail_commande (ID_COMMANDE, CODE_PRODUIT, QUANTITE) VALUES (30, "43857-0251", 2);
INSERT INTO detail_commande (ID_COMMANDE, CODE_PRODUIT, QUANTITE) VALUES (30, "61578-206", 3);
INSERT INTO detail_commande (ID_COMMANDE, CODE_PRODUIT, QUANTITE) VALUES (30, "36987-3439", 5);
INSERT INTO detail_commande (ID_COMMANDE, CODE_PRODUIT, QUANTITE) VALUES (30, "0591-2641", 3);
INSERT INTO detail_commande (ID_COMMANDE, CODE_PRODUIT, QUANTITE) VALUES (31, "63395-201", 3);
INSERT INTO detail_commande (ID_COMMANDE, CODE_PRODUIT, QUANTITE) VALUES (31, "49349-059", 2);
INSERT INTO detail_commande (ID_COMMANDE, CODE_PRODUIT, QUANTITE) VALUES (31, "55154-8384", 5);
INSERT INTO detail_commande (ID_COMMANDE, CODE_PRODUIT, QUANTITE) VALUES (32, "54868-6109", 2);
INSERT INTO detail_commande (ID_COMMANDE, CODE_PRODUIT, QUANTITE) VALUES (33, "10096-0228", 2);
INSERT INTO detail_commande (ID_COMMANDE, CODE_PRODUIT, QUANTITE) VALUES (33, "0603-6240", 5);
INSERT INTO detail_commande (ID_COMMANDE, CODE_PRODUIT, QUANTITE) VALUES (33, "37808-517", 4);
INSERT INTO detail_commande (ID_COMMANDE, CODE_PRODUIT, QUANTITE) VALUES (33, "67544-946", 4);
INSERT INTO detail_commande (ID_COMMANDE, CODE_PRODUIT, QUANTITE) VALUES (33, "62670-1527", 4);
INSERT INTO detail_commande (ID_COMMANDE, CODE_PRODUIT, QUANTITE) VALUES (34, "37808-517", 4);
INSERT INTO detail_commande (ID_COMMANDE, CODE_PRODUIT, QUANTITE) VALUES (34, "54868-5954", 2);
INSERT INTO detail_commande (ID_COMMANDE, CODE_PRODUIT, QUANTITE) VALUES (34, "0409-4777", 5);
INSERT INTO detail_commande (ID_COMMANDE, CODE_PRODUIT, QUANTITE) VALUES (34, "10544-621", 2);
INSERT INTO detail_commande (ID_COMMANDE, CODE_PRODUIT, QUANTITE) VALUES (35, "0085-0575", 4);
INSERT INTO detail_commande (ID_COMMANDE, CODE_PRODUIT, QUANTITE) VALUES (36, "0591-2641", 3);
INSERT INTO detail_commande (ID_COMMANDE, CODE_PRODUIT, QUANTITE) VALUES (36, "43063-228", 5);
INSERT INTO detail_commande (ID_COMMANDE, CODE_PRODUIT, QUANTITE) VALUES (36, "0603-6240", 5);
INSERT INTO detail_commande (ID_COMMANDE, CODE_PRODUIT, QUANTITE) VALUES (36, "0187-5172", 1);
INSERT INTO detail_commande (ID_COMMANDE, CODE_PRODUIT, QUANTITE) VALUES (37, "11822-2250", 2);
INSERT INTO detail_commande (ID_COMMANDE, CODE_PRODUIT, QUANTITE) VALUES (37, "36987-1593", 4);
INSERT INTO detail_commande (ID_COMMANDE, CODE_PRODUIT, QUANTITE) VALUES (37, "10812-333", 3);
INSERT INTO detail_commande (ID_COMMANDE, CODE_PRODUIT, QUANTITE) VALUES (37, "64942-1193", 4);
INSERT INTO detail_commande (ID_COMMANDE, CODE_PRODUIT, QUANTITE) VALUES (38, "0023-9211", 2);
INSERT INTO detail_commande (ID_COMMANDE, CODE_PRODUIT, QUANTITE) VALUES (39, "0409-4777", 2);
INSERT INTO detail_commande (ID_COMMANDE, CODE_PRODUIT, QUANTITE) VALUES (39, "68026-115", 2);
INSERT INTO detail_commande (ID_COMMANDE, CODE_PRODUIT, QUANTITE) VALUES (39, "0078-0371", 5);
INSERT INTO detail_commande (ID_COMMANDE, CODE_PRODUIT, QUANTITE) VALUES (39, "54868-6109", 1);
INSERT INTO detail_commande (ID_COMMANDE, CODE_PRODUIT, QUANTITE) VALUES (39, "36987-1593", 1);
INSERT INTO detail_commande (ID_COMMANDE, CODE_PRODUIT, QUANTITE) VALUES (40, "36987-3317", 5);
INSERT INTO detail_commande (ID_COMMANDE, CODE_PRODUIT, QUANTITE) VALUES (40, "64942-1193", 5);
INSERT INTO detail_commande (ID_COMMANDE, CODE_PRODUIT, QUANTITE) VALUES (40, "61578-206", 5);
INSERT INTO detail_commande (ID_COMMANDE, CODE_PRODUIT, QUANTITE) VALUES (40, "55154-8384", 4);
INSERT INTO detail_commande (ID_COMMANDE, CODE_PRODUIT, QUANTITE) VALUES (40, "34690-6001", 5);
INSERT INTO detail_commande (ID_COMMANDE, CODE_PRODUIT, QUANTITE) VALUES (41, "36987-3317", 3);
INSERT INTO detail_commande (ID_COMMANDE, CODE_PRODUIT, QUANTITE) VALUES (41, "54868-5954", 5);
INSERT INTO detail_commande (ID_COMMANDE, CODE_PRODUIT, QUANTITE) VALUES (41, "61077-101", 2);
INSERT INTO detail_commande (ID_COMMANDE, CODE_PRODUIT, QUANTITE) VALUES (41, "0023-9211", 3);
INSERT INTO detail_commande (ID_COMMANDE, CODE_PRODUIT, QUANTITE) VALUES (42, "36987-1593", 2);
INSERT INTO detail_commande (ID_COMMANDE, CODE_PRODUIT, QUANTITE) VALUES (42, "55154-6129", 2);
INSERT INTO detail_commande (ID_COMMANDE, CODE_PRODUIT, QUANTITE) VALUES (42, "49035-242", 4);
INSERT INTO detail_commande (ID_COMMANDE, CODE_PRODUIT, QUANTITE) VALUES (42, "41250-880", 1);
INSERT INTO detail_commande (ID_COMMANDE, CODE_PRODUIT, QUANTITE) VALUES (43, "49035-242", 5);
INSERT INTO detail_commande (ID_COMMANDE, CODE_PRODUIT, QUANTITE) VALUES (44, "10812-333", 2);
INSERT INTO detail_commande (ID_COMMANDE, CODE_PRODUIT, QUANTITE) VALUES (44, "36987-3317", 4);
INSERT INTO detail_commande (ID_COMMANDE, CODE_PRODUIT, QUANTITE) VALUES (44, "54868-4249", 2);
INSERT INTO detail_commande (ID_COMMANDE, CODE_PRODUIT, QUANTITE) VALUES (44, "49349-870", 5);
INSERT INTO detail_commande (ID_COMMANDE, CODE_PRODUIT, QUANTITE) VALUES (45, "52125-601", 4);
INSERT INTO detail_commande (ID_COMMANDE, CODE_PRODUIT, QUANTITE) VALUES (45, "0591-2641", 3);
INSERT INTO detail_commande (ID_COMMANDE, CODE_PRODUIT, QUANTITE) VALUES (46, "54868-5954", 4);
INSERT INTO detail_commande (ID_COMMANDE, CODE_PRODUIT, QUANTITE) VALUES (46, "0173-0753", 3);
INSERT INTO detail_commande (ID_COMMANDE, CODE_PRODUIT, QUANTITE) VALUES (47, "0409-1109", 2);
INSERT INTO detail_commande (ID_COMMANDE, CODE_PRODUIT, QUANTITE) VALUES (47, "54838-140", 4);
INSERT INTO detail_commande (ID_COMMANDE, CODE_PRODUIT, QUANTITE) VALUES (47, "42023-105", 1);
INSERT INTO detail_commande (ID_COMMANDE, CODE_PRODUIT, QUANTITE) VALUES (47, "0187-5172", 5);
INSERT INTO detail_commande (ID_COMMANDE, CODE_PRODUIT, QUANTITE) VALUES (47, "0615-6591", 1);
INSERT INTO detail_commande (ID_COMMANDE, CODE_PRODUIT, QUANTITE) VALUES (48, "67457-523", 2);
INSERT INTO detail_commande (ID_COMMANDE, CODE_PRODUIT, QUANTITE) VALUES (48, "36987-3317", 1);
INSERT INTO detail_commande (ID_COMMANDE, CODE_PRODUIT, QUANTITE) VALUES (48, "63010-010", 3);
INSERT INTO detail_commande (ID_COMMANDE, CODE_PRODUIT, QUANTITE) VALUES (48, "0574-0222", 1);
INSERT INTO detail_commande (ID_COMMANDE, CODE_PRODUIT, QUANTITE) VALUES (49, "43742-0071", 5);
INSERT INTO detail_commande (ID_COMMANDE, CODE_PRODUIT, QUANTITE) VALUES (49, "60505-2795", 2);
INSERT INTO detail_commande (ID_COMMANDE, CODE_PRODUIT, QUANTITE) VALUES (50, "60683-083", 2);
INSERT INTO detail_commande (ID_COMMANDE, CODE_PRODUIT, QUANTITE) VALUES (50, "11523-7329", 1);
INSERT INTO detail_commande (ID_COMMANDE, CODE_PRODUIT, QUANTITE) VALUES (50, "66993-408", 5);
INSERT INTO detail_commande (ID_COMMANDE, CODE_PRODUIT, QUANTITE) VALUES (51, "0078-0371", 1);
INSERT INTO detail_commande (ID_COMMANDE, CODE_PRODUIT, QUANTITE) VALUES (52, "21130-003", 3);
INSERT INTO detail_commande (ID_COMMANDE, CODE_PRODUIT, QUANTITE) VALUES (52, "35418-402", 3);
INSERT INTO detail_commande (ID_COMMANDE, CODE_PRODUIT, QUANTITE) VALUES (52, "50991-214", 2);
INSERT INTO detail_commande (ID_COMMANDE, CODE_PRODUIT, QUANTITE) VALUES (52, "56062-462", 3);
INSERT INTO detail_commande (ID_COMMANDE, CODE_PRODUIT, QUANTITE) VALUES (53, "11527-089", 2);
INSERT INTO detail_commande (ID_COMMANDE, CODE_PRODUIT, QUANTITE) VALUES (53, "67234-009", 1);
INSERT INTO detail_commande (ID_COMMANDE, CODE_PRODUIT, QUANTITE) VALUES (53, "64942-1193", 2);
INSERT INTO detail_commande (ID_COMMANDE, CODE_PRODUIT, QUANTITE) VALUES (53, "68745-1133", 4);
INSERT INTO detail_commande (ID_COMMANDE, CODE_PRODUIT, QUANTITE) VALUES (54, "34690-6001", 4);
INSERT INTO detail_commande (ID_COMMANDE, CODE_PRODUIT, QUANTITE) VALUES (54, "0469-3250", 2);
INSERT INTO detail_commande (ID_COMMANDE, CODE_PRODUIT, QUANTITE) VALUES (54, "21130-003", 3);
INSERT INTO detail_commande (ID_COMMANDE, CODE_PRODUIT, QUANTITE) VALUES (54, "75857-1123", 4);
INSERT INTO detail_commande (ID_COMMANDE, CODE_PRODUIT, QUANTITE) VALUES (54, "0023-9211", 2);
INSERT INTO detail_commande (ID_COMMANDE, CODE_PRODUIT, QUANTITE) VALUES (55, "34690-6001", 1);
INSERT INTO detail_commande (ID_COMMANDE, CODE_PRODUIT, QUANTITE) VALUES (55, "54061-101", 5);
INSERT INTO detail_commande (ID_COMMANDE, CODE_PRODUIT, QUANTITE) VALUES (56, "49349-870", 1);
INSERT INTO detail_commande (ID_COMMANDE, CODE_PRODUIT, QUANTITE) VALUES (56, "61578-206", 3);
INSERT INTO detail_commande (ID_COMMANDE, CODE_PRODUIT, QUANTITE) VALUES (57, "55154-2027", 2);
INSERT INTO detail_commande (ID_COMMANDE, CODE_PRODUIT, QUANTITE) VALUES (57, "60505-2795", 3);
INSERT INTO detail_commande (ID_COMMANDE, CODE_PRODUIT, QUANTITE) VALUES (57, "0591-2641", 5);
INSERT INTO detail_commande (ID_COMMANDE, CODE_PRODUIT, QUANTITE) VALUES (57, "10544-621", 5);
INSERT INTO detail_commande (ID_COMMANDE, CODE_PRODUIT, QUANTITE) VALUES (57, "49999-004", 5);
INSERT INTO detail_commande (ID_COMMANDE, CODE_PRODUIT, QUANTITE) VALUES (58, "0409-4777", 4);
INSERT INTO detail_commande (ID_COMMANDE, CODE_PRODUIT, QUANTITE) VALUES (58, "67234-009", 2);
INSERT INTO detail_commande (ID_COMMANDE, CODE_PRODUIT, QUANTITE) VALUES (58, "55319-390", 2);
INSERT INTO detail_commande (ID_COMMANDE, CODE_PRODUIT, QUANTITE) VALUES (58, "50419-789", 4);
INSERT INTO detail_commande (ID_COMMANDE, CODE_PRODUIT, QUANTITE) VALUES (58, "15338-122", 1);
INSERT INTO detail_commande (ID_COMMANDE, CODE_PRODUIT, QUANTITE) VALUES (59, "49349-870", 4);
INSERT INTO detail_commande (ID_COMMANDE, CODE_PRODUIT, QUANTITE) VALUES (59, "66993-408", 4);
INSERT INTO detail_commande (ID_COMMANDE, CODE_PRODUIT, QUANTITE) VALUES (59, "40032-122", 5);
INSERT INTO detail_commande (ID_COMMANDE, CODE_PRODUIT, QUANTITE) VALUES (60, "8290-3268", 4);
INSERT INTO detail_commande (ID_COMMANDE, CODE_PRODUIT, QUANTITE) VALUES (61, "54868-5954", 2);
INSERT INTO detail_commande (ID_COMMANDE, CODE_PRODUIT, QUANTITE) VALUES (61, "55154-8384", 4);
INSERT INTO detail_commande (ID_COMMANDE, CODE_PRODUIT, QUANTITE) VALUES (62, "59614-301", 4);
INSERT INTO detail_commande (ID_COMMANDE, CODE_PRODUIT, QUANTITE) VALUES (62, "36987-3317", 1);
INSERT INTO detail_commande (ID_COMMANDE, CODE_PRODUIT, QUANTITE) VALUES (62, "52685-465", 3);
INSERT INTO detail_commande (ID_COMMANDE, CODE_PRODUIT, QUANTITE) VALUES (62, "49349-059", 4);
INSERT INTO detail_commande (ID_COMMANDE, CODE_PRODUIT, QUANTITE) VALUES (62, "55154-2027", 3);
INSERT INTO detail_commande (ID_COMMANDE, CODE_PRODUIT, QUANTITE) VALUES (63, "54838-140", 3);
INSERT INTO detail_commande (ID_COMMANDE, CODE_PRODUIT, QUANTITE) VALUES (63, "36987-3019", 5);
INSERT INTO detail_commande (ID_COMMANDE, CODE_PRODUIT, QUANTITE) VALUES (63, "53645-1280", 1);
INSERT INTO detail_commande (ID_COMMANDE, CODE_PRODUIT, QUANTITE) VALUES (63, "41250-880", 5);
INSERT INTO detail_commande (ID_COMMANDE, CODE_PRODUIT, QUANTITE) VALUES (64, "0069-3080", 1);
INSERT INTO detail_commande (ID_COMMANDE, CODE_PRODUIT, QUANTITE) VALUES (65, "43063-228", 3);
INSERT INTO detail_commande (ID_COMMANDE, CODE_PRODUIT, QUANTITE) VALUES (65, "55154-8384", 5);
INSERT INTO detail_commande (ID_COMMANDE, CODE_PRODUIT, QUANTITE) VALUES (65, "41250-880", 4);
INSERT INTO detail_commande (ID_COMMANDE, CODE_PRODUIT, QUANTITE) VALUES (66, "63395-201", 4);
INSERT INTO detail_commande (ID_COMMANDE, CODE_PRODUIT, QUANTITE) VALUES (66, "13537-204", 2);
INSERT INTO detail_commande (ID_COMMANDE, CODE_PRODUIT, QUANTITE) VALUES (66, "11822-2250", 5);
INSERT INTO detail_commande (ID_COMMANDE, CODE_PRODUIT, QUANTITE) VALUES (67, "54838-140", 2);
INSERT INTO detail_commande (ID_COMMANDE, CODE_PRODUIT, QUANTITE) VALUES (67, "49999-004", 3);
INSERT INTO detail_commande (ID_COMMANDE, CODE_PRODUIT, QUANTITE) VALUES (68, "40032-122", 2);
INSERT INTO detail_commande (ID_COMMANDE, CODE_PRODUIT, QUANTITE) VALUES (68, "59614-301", 4);
INSERT INTO detail_commande (ID_COMMANDE, CODE_PRODUIT, QUANTITE) VALUES (68, "37000-339", 2);
INSERT INTO detail_commande (ID_COMMANDE, CODE_PRODUIT, QUANTITE) VALUES (68, "36987-2051", 5);
INSERT INTO detail_commande (ID_COMMANDE, CODE_PRODUIT, QUANTITE) VALUES (68, "33992-1403", 4);
INSERT INTO detail_commande (ID_COMMANDE, CODE_PRODUIT, QUANTITE) VALUES (69, "35418-402", 3);
INSERT INTO detail_commande (ID_COMMANDE, CODE_PRODUIT, QUANTITE) VALUES (69, "36987-3317", 3);
INSERT INTO detail_commande (ID_COMMANDE, CODE_PRODUIT, QUANTITE) VALUES (69, "68026-115", 4);
INSERT INTO detail_commande (ID_COMMANDE, CODE_PRODUIT, QUANTITE) VALUES (69, "42507-207", 2);
INSERT INTO detail_commande (ID_COMMANDE, CODE_PRODUIT, QUANTITE) VALUES (70, "33992-1403", 5);
INSERT INTO detail_commande (ID_COMMANDE, CODE_PRODUIT, QUANTITE) VALUES (70, "53645-1280", 2);
INSERT INTO detail_commande (ID_COMMANDE, CODE_PRODUIT, QUANTITE) VALUES (70, "59779-265", 5);
INSERT INTO detail_commande (ID_COMMANDE, CODE_PRODUIT, QUANTITE) VALUES (70, "55154-6129", 5);
INSERT INTO detail_commande (ID_COMMANDE, CODE_PRODUIT, QUANTITE) VALUES (71, "40032-122", 1);
INSERT INTO detail_commande (ID_COMMANDE, CODE_PRODUIT, QUANTITE) VALUES (71, "0517-0234", 1);
INSERT INTO detail_commande (ID_COMMANDE, CODE_PRODUIT, QUANTITE) VALUES (71, "36987-3317", 3);
INSERT INTO detail_commande (ID_COMMANDE, CODE_PRODUIT, QUANTITE) VALUES (71, "49349-870", 1);
INSERT INTO detail_commande (ID_COMMANDE, CODE_PRODUIT, QUANTITE) VALUES (71, "49288-0168", 1);
INSERT INTO detail_commande (ID_COMMANDE, CODE_PRODUIT, QUANTITE) VALUES (72, "41250-880", 1);
INSERT INTO detail_commande (ID_COMMANDE, CODE_PRODUIT, QUANTITE) VALUES (72, "0615-6591", 4);
INSERT INTO detail_commande (ID_COMMANDE, CODE_PRODUIT, QUANTITE) VALUES (72, "33261-104", 1);
INSERT INTO detail_commande (ID_COMMANDE, CODE_PRODUIT, QUANTITE) VALUES (73, "55319-390", 4);
INSERT INTO detail_commande (ID_COMMANDE, CODE_PRODUIT, QUANTITE) VALUES (73, "36987-2051", 5);
INSERT INTO detail_commande (ID_COMMANDE, CODE_PRODUIT, QUANTITE) VALUES (74, "0173-0753", 3);
INSERT INTO detail_commande (ID_COMMANDE, CODE_PRODUIT, QUANTITE) VALUES (75, "0409-4777", 2);
INSERT INTO detail_commande (ID_COMMANDE, CODE_PRODUIT, QUANTITE) VALUES (75, "33261-087", 5);
INSERT INTO detail_commande (ID_COMMANDE, CODE_PRODUIT, QUANTITE) VALUES (75, "37000-339", 4);
INSERT INTO detail_commande (ID_COMMANDE, CODE_PRODUIT, QUANTITE) VALUES (76, "63395-201", 4);
INSERT INTO detail_commande (ID_COMMANDE, CODE_PRODUIT, QUANTITE) VALUES (76, "0078-0371", 4);
INSERT INTO detail_commande (ID_COMMANDE, CODE_PRODUIT, QUANTITE) VALUES (77, "67544-946", 4);
INSERT INTO detail_commande (ID_COMMANDE, CODE_PRODUIT, QUANTITE) VALUES (78, "63629-4245", 1);
INSERT INTO detail_commande (ID_COMMANDE, CODE_PRODUIT, QUANTITE) VALUES (79, "42023-105", 3);
INSERT INTO detail_commande (ID_COMMANDE, CODE_PRODUIT, QUANTITE) VALUES (79, "0574-0222", 3);
INSERT INTO detail_commande (ID_COMMANDE, CODE_PRODUIT, QUANTITE) VALUES (80, "11822-2250", 1);
INSERT INTO detail_commande (ID_COMMANDE, CODE_PRODUIT, QUANTITE) VALUES (80, "61047-812", 3);
INSERT INTO detail_commande (ID_COMMANDE, CODE_PRODUIT, QUANTITE) VALUES (80, "0173-0753", 3);
INSERT INTO detail_commande (ID_COMMANDE, CODE_PRODUIT, QUANTITE) VALUES (81, "63629-4676", 4);
INSERT INTO detail_commande (ID_COMMANDE, CODE_PRODUIT, QUANTITE) VALUES (81, "52125-601", 4);
INSERT INTO detail_commande (ID_COMMANDE, CODE_PRODUIT, QUANTITE) VALUES (82, "63868-202", 2);
INSERT INTO detail_commande (ID_COMMANDE, CODE_PRODUIT, QUANTITE) VALUES (82, "66993-408", 2);
INSERT INTO detail_commande (ID_COMMANDE, CODE_PRODUIT, QUANTITE) VALUES (82, "33261-087", 5);
INSERT INTO detail_commande (ID_COMMANDE, CODE_PRODUIT, QUANTITE) VALUES (82, "37000-339", 2);
INSERT INTO detail_commande (ID_COMMANDE, CODE_PRODUIT, QUANTITE) VALUES (82, "52685-465", 2);
INSERT INTO detail_commande (ID_COMMANDE, CODE_PRODUIT, QUANTITE) VALUES (83, "37000-302", 3);
INSERT INTO detail_commande (ID_COMMANDE, CODE_PRODUIT, QUANTITE) VALUES (83, "61657-0967", 4);
INSERT INTO detail_commande (ID_COMMANDE, CODE_PRODUIT, QUANTITE) VALUES (84, "0615-6591", 1);
INSERT INTO detail_commande (ID_COMMANDE, CODE_PRODUIT, QUANTITE) VALUES (84, "0078-0371", 1);
INSERT INTO detail_commande (ID_COMMANDE, CODE_PRODUIT, QUANTITE) VALUES (84, "0615-2596", 4);
INSERT INTO detail_commande (ID_COMMANDE, CODE_PRODUIT, QUANTITE) VALUES (84, "36987-3439", 2);
INSERT INTO detail_commande (ID_COMMANDE, CODE_PRODUIT, QUANTITE) VALUES (84, "55154-6129", 5);
INSERT INTO detail_commande (ID_COMMANDE, CODE_PRODUIT, QUANTITE) VALUES (85, "34690-6001", 1);
INSERT INTO detail_commande (ID_COMMANDE, CODE_PRODUIT, QUANTITE) VALUES (85, "98132-128", 4);
INSERT INTO detail_commande (ID_COMMANDE, CODE_PRODUIT, QUANTITE) VALUES (86, "0574-0222", 3);
INSERT INTO detail_commande (ID_COMMANDE, CODE_PRODUIT, QUANTITE) VALUES (86, "0023-9211", 2);
INSERT INTO detail_commande (ID_COMMANDE, CODE_PRODUIT, QUANTITE) VALUES (86, "33992-1403", 3);
INSERT INTO detail_commande (ID_COMMANDE, CODE_PRODUIT, QUANTITE) VALUES (86, "63868-202", 3);
INSERT INTO detail_commande (ID_COMMANDE, CODE_PRODUIT, QUANTITE) VALUES (86, "36987-3019", 4);
INSERT INTO detail_commande (ID_COMMANDE, CODE_PRODUIT, QUANTITE) VALUES (87, "40032-122", 2);
INSERT INTO detail_commande (ID_COMMANDE, CODE_PRODUIT, QUANTITE) VALUES (87, "66993-408", 2);
INSERT INTO detail_commande (ID_COMMANDE, CODE_PRODUIT, QUANTITE) VALUES (88, "0591-2641", 1);
INSERT INTO detail_commande (ID_COMMANDE, CODE_PRODUIT, QUANTITE) VALUES (88, "53645-1280", 1);
INSERT INTO detail_commande (ID_COMMANDE, CODE_PRODUIT, QUANTITE) VALUES (88, "0409-4777", 3);
INSERT INTO detail_commande (ID_COMMANDE, CODE_PRODUIT, QUANTITE) VALUES (88, "43742-0071", 1);
INSERT INTO detail_commande (ID_COMMANDE, CODE_PRODUIT, QUANTITE) VALUES (89, "50419-789", 2);
INSERT INTO detail_commande (ID_COMMANDE, CODE_PRODUIT, QUANTITE) VALUES (89, "0069-3080", 4);
INSERT INTO detail_commande (ID_COMMANDE, CODE_PRODUIT, QUANTITE) VALUES (90, "52125-601", 3);
INSERT INTO detail_commande (ID_COMMANDE, CODE_PRODUIT, QUANTITE) VALUES (90, "55319-390", 4);
INSERT INTO detail_commande (ID_COMMANDE, CODE_PRODUIT, QUANTITE) VALUES (90, "11527-089", 3);
INSERT INTO detail_commande (ID_COMMANDE, CODE_PRODUIT, QUANTITE) VALUES (90, "49349-870", 1);
INSERT INTO detail_commande (ID_COMMANDE, CODE_PRODUIT, QUANTITE) VALUES (90, "0023-9211", 4);
INSERT INTO detail_commande (ID_COMMANDE, CODE_PRODUIT, QUANTITE) VALUES (91, "52125-601", 3);
INSERT INTO detail_commande (ID_COMMANDE, CODE_PRODUIT, QUANTITE) VALUES (92, "63010-010", 4);
INSERT INTO detail_commande (ID_COMMANDE, CODE_PRODUIT, QUANTITE) VALUES (92, "43538-176", 1);
INSERT INTO detail_commande (ID_COMMANDE, CODE_PRODUIT, QUANTITE) VALUES (93, "36987-2051", 4);
INSERT INTO detail_commande (ID_COMMANDE, CODE_PRODUIT, QUANTITE) VALUES (93, "49999-004", 2);
INSERT INTO detail_commande (ID_COMMANDE, CODE_PRODUIT, QUANTITE) VALUES (93, "34690-6001", 2);
INSERT INTO detail_commande (ID_COMMANDE, CODE_PRODUIT, QUANTITE) VALUES (94, "41250-880", 3);
INSERT INTO detail_commande (ID_COMMANDE, CODE_PRODUIT, QUANTITE) VALUES (94, "53645-1280", 1);
INSERT INTO detail_commande (ID_COMMANDE, CODE_PRODUIT, QUANTITE) VALUES (94, "21130-003", 5);
INSERT INTO detail_commande (ID_COMMANDE, CODE_PRODUIT, QUANTITE) VALUES (94, "42507-207", 4);
INSERT INTO detail_commande (ID_COMMANDE, CODE_PRODUIT, QUANTITE) VALUES (95, "98132-128", 2);
INSERT INTO detail_commande (ID_COMMANDE, CODE_PRODUIT, QUANTITE) VALUES (95, "55319-390", 5);
INSERT INTO detail_commande (ID_COMMANDE, CODE_PRODUIT, QUANTITE) VALUES (95, "64942-1193", 4);
INSERT INTO detail_commande (ID_COMMANDE, CODE_PRODUIT, QUANTITE) VALUES (96, "33992-1403", 5);
INSERT INTO detail_commande (ID_COMMANDE, CODE_PRODUIT, QUANTITE) VALUES (96, "43538-176", 2);
INSERT INTO detail_commande (ID_COMMANDE, CODE_PRODUIT, QUANTITE) VALUES (96, "8290-3268", 2);
INSERT INTO detail_commande (ID_COMMANDE, CODE_PRODUIT, QUANTITE) VALUES (97, "0615-2596", 1);
INSERT INTO detail_commande (ID_COMMANDE, CODE_PRODUIT, QUANTITE) VALUES (97, "11523-7329", 1);
INSERT INTO detail_commande (ID_COMMANDE, CODE_PRODUIT, QUANTITE) VALUES (98, "10544-621", 2);
INSERT INTO detail_commande (ID_COMMANDE, CODE_PRODUIT, QUANTITE) VALUES (99, "49999-004", 3);
